{"cameraMode":{"drawMode":0,"name":"Shaded","section":"Shading Mode"},"sceneLighting":true,"audioPlay":false,"sceneViewState":{"showFog":true,"showMaterialUpdate":false,"showSkybox":true,"showFlares":true,"showImageEffects":true,"showParticleSystems":true},"in2DMode":false,"pivot":{"x":0.9144563674926758,"y":-3.756946563720703,"z":2.4835987091064455},"rotation":{"x":0.31921833753585818,"y":0.30240270495414736,"z":-0.1082700863480568,"w":0.8915995359420776},"size":10.957937240600586,"orthographic":false}