{"cameraMode":{"drawMode":0,"name":"Shaded","section":"Shading Mode"},"sceneLighting":true,"audioPlay":false,"sceneViewState":{"showFog":true,"showMaterialUpdate":false,"showSkybox":true,"showFlares":true,"showImageEffects":true,"showParticleSystems":true},"in2DMode":false,"pivot":{"x":11.11626148223877,"y":6.935107707977295,"z":-8.763690948486329},"rotation":{"x":0.26344671845436098,"y":-0.4569188952445984,"z":0.14375528693199159,"w":0.8373676538467407},"size":0.570102334022522,"orthographic":false}